participant_id,frame_id,cognitive_load_label,environment_info,happy,sad,angry,fear,disgust,surprise,neutral
P01,0,high,bright_light_classroom,0.024804442736771272,0.023691661205390763,0.8379655383804762,0.00022408975809043693,3.1070596411375487e-06,0.028452919629390217,0.08485823630441644
P01,1,high,bright_light_classroom,0.00031517467260580334,0.0383165189107083,0.0020615020896049847,0.000656366019057902,1.2404159179675801e-07,6.168695843865227e-06,0.9586441467576202
P01,2,high,bright_light_classroom,0.0010195051967197423,0.04991928265460936,0.001672533723447177,0.0002473037744361133,2.783462017683693e-09,3.329419827065325e-06,0.9471380177571753
P01,3,high,bright_light_classroom,3.017220296896994e-05,0.005949313752353191,0.00025269793695770204,6.653968011960387e-05,3.019158534289801e-10,1.474941313972522e-06,0.9936997890472412
P01,4,high,bright_light_classroom,0.00023444180260412395,0.013252456672489643,0.0005418187356553972,0.00011761680070776492,1.0460094596043135e-10,1.6930455331021221e-06,0.9858520030975342
P01,5,high,bright_light_classroom,0.00036482080775586574,0.03447538203294491,0.000752861114343421,0.0007357272839424271,9.77750119773724e-09,4.777767002241056e-06,0.9636663837830562
P01,6,high,bright_light_classroom,0.00020094831415917724,0.012287597171962261,0.0006321615073829889,2.6004356186604127e-05,6.932762003364346e-11,1.394789137521002e-06,0.9868518710136414
P01,7,high,bright_light_classroom,1.3778134593005545e-05,0.0026731555423104114,0.000291330501399651,2.9650951649810366e-06,4.2883177786713737e-13,2.5928906417399394e-07,0.9970184568144731
P01,8,high,bright_light_classroom,4.2605890976629467e-07,0.00030190200089155126,8.695419510580881e-06,1.7343956734924088e-07,7.300662790606185e-17,3.938790512720379e-08,0.9996887445820875
P01,9,high,bright_light_classroom,0.0005822553648613393,0.06992553919553757,0.008018821477890015,0.0014941237168386579,1.891092153982754e-07,1.1867302418977488e-05,0.9199672341346741
P01,10,high,bright_light_classroom,0.00013047968968749046,0.019051818177103996,0.0018084067851305008,0.0003772884083446115,4.165930533872597e-08,3.915728939318797e-06,0.9786280989646912
P01,11,high,bright_light_classroom,2.9863829695386812e-05,0.0011732104467228055,4.733318564831279e-05,1.9635122043837328e-06,8.859731694219487e-15,1.3471701265643787e-07,0.9987474679946899
P01,12,high,bright_light_classroom,4.353678222609858e-05,0.0035278890732957035,6.658114514091371e-05,1.3888053381074375e-05,1.6316935818915504e-13,5.636485876688788e-07,0.9963474874082223
P01,13,high,bright_light_classroom,4.929831266053952e-05,0.0028792251832783222,0.00010863231727853417,6.886344635859132e-06,1.1284767201637583e-13,3.064956786147377e-07,0.9969556331634521
P01,14,high,bright_light_classroom,9.776237129699439e-05,0.009658604860305786,0.0003092399856541306,4.1380470065632835e-05,7.576581029233864e-11,7.999428817129228e-07,0.9898922443389893
P01,15,high,bright_light_classroom,7.312397500959635e-05,0.0069992397427105744,0.0007871340381694757,1.9858370525469734e-05,1.4129433708951695e-11,7.871527046398475e-07,0.9921198482584863
P01,16,high,bright_light_classroom,3.534914867486805e-05,0.0023474660702049732,4.6892262616893277e-05,1.620403418201022e-05,1.656252283759041e-12,9.182897997561668e-07,0.9975531697273254
P01,17,high,bright_light_classroom,4.281731308960922e-05,0.002272322811984755,0.00011943438553726426,7.1060052790911175e-06,2.2267006704509722e-13,5.601060692372109e-07,0.9975577589938354
P01,18,high,bright_light_classroom,2.3788690668880008e-05,0.0013719107955694199,5.5224765674211085e-05,3.907108293788042e-06,1.6777574609553453e-13,3.337354996801878e-07,0.9985448122024536
P01,19,high,bright_light_classroom,7.904233858447462e-06,0.0016820798304921186,0.00011479196750407278,1.0438813085998943e-05,3.916824797074292e-12,1.2076050400384773e-06,0.9981835482339321
P01,20,high,bright_light_classroom,0.00032352516427636147,0.013127434998750687,0.0010482720099389553,0.00025202869437634945,2.264598730761236e-09,6.913487027304654e-07,0.9852480888366699
P01,21,high,bright_light_classroom,0.0009043421596288681,0.06742449104785919,0.0022943068761378527,0.0007842257036827505,5.0907168258618185e-08,6.814581865910441e-06,0.9285857677459717
P01,22,high,bright_light_classroom,1.4783004132948843e-05,0.0019407726343897145,8.615589039675331e-05,3.3025855217388103e-06,3.664392699220199e-14,1.582810984893696e-06,0.9979534146730202
P01,23,high,bright_light_classroom,0.015498481690883636,0.8192980885505676,0.07427777349948883,0.0177565049380064,7.134233783290256e-06,6.948154623387381e-05,0.07309254258871078
P01,24,high,bright_light_classroom,0.0030332899186760187,0.3682693541049957,0.5255071520805359,0.03887198492884636,0.00018296304915565997,6.618831685045734e-05,0.06406902521848679
P01,25,high,bright_light_classroom,0.01389257972047208,0.7117760605678595,0.112337141474315,0.03325253923252459,3.6062729453448845e-05,9.864789759830148e-05,0.12860699764531838
P01,26,high,bright_light_classroom,0.022172534838318825,0.49026021361351013,0.10880134999752045,0.01464164536446333,1.5505194141951506e-06,3.960532558267005e-05,0.36408311128616333
P01,27,high,bright_light_classroom,0.02090168123851307,0.5960004684925359,0.26648794212865484,0.0145919201279831,8.867551315364692e-05,3.09607549107059e-05,0.101898385697507
P01,28,high,bright_light_classroom,0.02674390508161844,0.3054743475287375,0.16586937497489151,0.00650068636246757,1.5570356745991194e-06,4.524288845466424e-05,0.4953648740488141
P01,29,high,bright_light_classroom,0.006205106619745493,0.29318079352378845,0.12411288172006607,0.004499452654272318,1.3681876225746237e-05,7.79543406679295e-05,0.5719100832939148
P01,30,high,bright_light_classroom,0.02819417603313923,0.5056419968605042,0.3968009352684021,0.005188324488699436,2.192734245909378e-05,3.241232116124593e-05,0.06412021815776825
P01,31,high,bright_light_classroom,0.020362488360704378,0.5008407830189725,0.4303430103846776,0.0026075718144241795,1.0961626288224324e-05,7.07467240564123e-06,0.045828057577841565
P01,32,high,bright_light_classroom,0.005289372371993803,0.22085195606064534,0.19468895761304839,0.0004416349665398131,6.635927403424047e-08,7.339722270458914e-06,0.5787206637096801
P01,33,high,bright_light_classroom,0.01207613293081522,0.3691108822822571,0.4893565773963928,0.00199802964925766,7.441085017489968e-06,2.8970418497920036e-05,0.1274220049381256
P01,34,high,bright_light_classroom,0.00930191483348608,0.4398106038570404,0.1972249448299408,0.0014983958099037409,1.7894974462251412e-06,1.3222533198131714e-05,0.3521491587162018
P01,35,high,bright_light_classroom,0.006238835398107767,0.30325081944465637,0.10150530934333801,0.0012750541791319847,9.008523193188012e-06,4.489275397645542e-06,0.5877164602279663
P01,36,high,bright_light_classroom,0.021032586693763733,0.29337507486343384,0.24037958681583405,0.003546482650563121,1.180302569991909e-05,1.3016938282817136e-05,0.4416414201259613
P01,37,high,bright_light_classroom,0.006975705735385418,0.20095358788967133,0.07025140523910522,0.0034541815984994173,1.315120971412398e-05,2.8771875804523006e-05,0.7183232307434082
P01,38,high,bright_light_classroom,0.0049056530670043156,0.1596787977601531,0.21694997346997577,0.0007057433572270444,1.7774829798524943e-07,4.87706243871223e-06,0.6177547433668681
P01,39,high,bright_light_classroom,0.0005633198888972402,0.23750963807106018,0.018315386027097702,0.00688916863873601,1.2437614316240797e-07,3.475550329312682e-05,0.7366876006126404
P01,40,high,bright_light_classroom,0.00039964240966758547,0.6036176208993936,0.2864990277885232,0.10416566332169333,8.90290572617383e-05,1.8983997950518257e-05,0.005210071026244286
P01,41,high,bright_light_classroom,0.008555288005190372,0.7319034774245904,0.221694452863601,0.027113478384225273,1.1925391874267445e-06,1.1194277006896425e-05,0.010720920456702736
P01,42,high,bright_light_classroom,0.0054366632326439904,0.4482410488416015,0.182697615945055,0.011089539546017593,1.3533950117491177e-06,5.115754420814632e-05,0.352482688722931
P01,43,high,bright_light_classroom,0.0031107626855373383,0.406666100025177,0.16391488909721375,0.021812891587615013,1.727684684738051e-05,0.00015343846462201327,0.4043246805667877
P01,44,high,bright_light_classroom,0.0006755319996439814,0.3057353861016495,0.06950765931697599,0.009243198840999466,3.650279021211984e-07,3.433400024753253e-05,0.6148035663132151
P01,45,high,bright_light_classroom,0.0007366333156824112,0.4496504068374634,0.251140296459198,0.04933185502886772,0.002100010635331273,0.00026962251286022365,0.2467711716890335
P01,46,high,bright_light_classroom,0.000886110938154161,0.1205427497625351,0.040925074368715286,0.0032225120812654495,3.33478465108783e-06,6.380416016327217e-05,0.834356427192688
P01,47,high,bright_light_classroom,0.00013712150393985212,0.00891109835356474,0.0008380467188544571,0.0002156427945010364,1.4912897305929818e-10,3.658135710793431e-06,0.989894449710846
P01,48,high,bright_light_classroom,1.3093901414433205e-05,0.015915122831769157,0.0028429885226779294,0.00023769501383647405,5.477095215199801e-10,6.132021009642021e-06,0.9809849846950165
P01,49,high,bright_light_classroom,0.00010313190432498232,0.009193594567477703,0.0014529054751619697,4.577812796924263e-05,8.79830409916682e-12,1.8196286646343651e-06,0.9892027974128723
P01,50,high,bright_light_classroom,0.00023466211747075527,0.01889723578360507,0.0025379476834622243,0.00012500153423770924,4.9716136444588056e-11,5.510924640773659e-06,0.9781996581792424
P01,51,high,bright_light_classroom,0.00102816726155831,0.0342391749762997,0.00402849843522897,0.00025448242438666074,3.58341572235595e-11,3.0608477578386726e-06,0.9604465937880632
P01,52,high,bright_light_classroom,9.964398208418422e-06,0.0014896990585313368,0.0002217468890514208,2.3128327000926147e-06,2.395335028015974e-14,1.0775839734914492e-07,0.9982761146693093
P01,53,high,bright_light_classroom,0.0011439279187470675,0.08949107676744461,0.03131704404950142,0.0015908203786239028,1.3660704212270502e-07,2.5059523977688514e-05,0.876431941986084
P01,54,high,bright_light_classroom,0.000415845715906471,0.03386571630835533,0.003932659514248371,0.0011030258610844612,1.0977990072547072e-08,1.1510437616379932e-05,0.9606712460517883
P01,55,high,bright_light_classroom,0.00010034834122052416,0.022154346108436584,0.00263416999951005,0.0007011970737949014,1.1017282197656186e-08,4.817648004973307e-06,0.9744051098823547
P01,56,high,bright_light_classroom,0.00032644386137128543,0.04618376396201634,0.006896891576611493,0.0006310386610091424,6.3661621993790555e-09,1.1566686915134044e-05,0.9459502664774816
P01,57,high,bright_light_classroom,0.004112264852211765,0.7469750491961866,0.10798676955621062,0.10092134630211272,0.00034383337200184896,1.866169916230603e-05,0.039642112829811144
P01,58,high,bright_light_classroom,0.0018610269762575626,0.30844852328300476,0.06946943700313568,0.04047706350684166,0.0001353307015961036,3.4492033591959625e-05,0.5795741677284241
P01,59,high,bright_light_classroom,0.0003302803379483521,0.08693093806505203,0.016920406371355057,0.004032686818391085,6.072611995477928e-06,1.1183302376593929e-05,0.8917684555053711
P01,60,high,bright_light_classroom,0.00042178755393251777,0.015016426332294941,0.004362945910543203,3.6173056287225336e-05,2.4804013010193415e-11,2.764969622148783e-07,0.9801623821258545
P01,61,high,bright_light_classroom,0.002511104568839073,0.10455834120512009,0.02066512405872345,0.0017531312769278884,2.1477044143125568e-08,2.248289638373535e-05,0.870489776134491
P01,62,high,bright_light_classroom,7.724281022092327e-05,0.005064275581389666,0.0007774513796903193,2.4201999622164294e-05,4.4820063459238835e-12,8.945082186073705e-07,0.994055986404419
P01,63,high,bright_light_classroom,0.011058729528931324,0.39648337918321835,0.09059200025701525,0.018264858366830155,2.166852467793148e-05,2.7199111687006704e-05,0.48355224532511776
P01,64,high,bright_light_classroom,0.005026868378482364,0.11450770434783127,0.030083659966806172,0.005796632143654355,2.564953245470657e-06,4.027162743954374e-05,0.8445423152769992
P01,65,high,bright_light_classroom,0.00018252545851282775,0.008930981159210205,0.0016188843874260783,0.0002380326623097062,2.79768652688972e-10,6.030769327480812e-06,0.9890235662460327
P01,66,high,bright_light_classroom,0.0013729435158893466,0.029141243547201157,0.007782806176692247,0.0012825647136196494,4.0365461018154747e-07,1.5738509318907745e-05,0.9604042768478394
P01,67,high,bright_light_classroom,1.046007696459128e-06,0.0006250753649510443,8.389605500269681e-05,7.667531463084742e-06,5.188607789946564e-13,4.027634713565931e-05,0.9992420673370361
P01,68,high,bright_light_classroom,0.00016026076627895236,0.03821898251771927,0.20435450971126556,4.0416449337499216e-05,1.0708484446397826e-11,9.059630247065797e-05,0.757135272026062
P01,69,high,bright_light_classroom,0.0013881828635931015,0.5491325259208679,0.41441747546195984,0.01415199227631092,0.0012681287480518222,2.4875813323887996e-05,0.019616851583123207
P01,70,high,bright_light_classroom,3.622884105425328e-05,0.05829503387212753,0.008125311695039272,0.00028394354740157723,2.4640882667625874e-09,1.1151885246363236e-06,0.9332584142684937
P01,71,high,bright_light_classroom,8.601934098351194e-08,0.0003558939788490534,3.6494700907496735e-05,1.6852952455792547e-07,4.631649212178215e-16,1.4954899540953193e-09,0.9996073842048645
P01,72,high,bright_light_classroom,1.3322371390868407e-05,0.00351872183345594,0.0023575059121840104,1.0983454613212086e-06,1.1310499798460694e-12,1.6073510738090408e-07,0.9941091544498021
P01,73,high,bright_light_classroom,0.0016345676267519593,0.39271727204322815,0.09631669521331787,0.00493844598531723,6.826762728451286e-07,3.847274001600454e-06,0.5043884515762329
P01,74,high,bright_light_classroom,0.00038120566750876606,0.19677232205867767,0.022415179759263992,0.0036975217517465353,7.889470055033598e-08,1.2489784239733126e-05,0.7767212390899658
P01,75,high,bright_light_classroom,0.007467794677185695,0.6674365203044725,0.21380619488991467,0.015409835601439215,1.6171260594819373e-05,6.055528135089018e-05,0.09580290888565235
P01,76,high,bright_light_classroom,0.00354025443084538,0.385675847530365,0.05515966936945915,0.007985870353877544,1.5294436934709665e-06,2.5055429432541132e-05,0.5476117730140686
P01,77,high,bright_light_classroom,0.00074245675932616,0.04518606886267662,0.033094216138124466,4.10950742661953e-05,2.3115336311718693e-09,9.105648501872565e-08,0.920936107635498
P01,78,high,bright_light_classroom,0.0018189584530641492,0.08552053296321237,0.027640896348250347,0.00030938084041630143,2.2889181152999526e-09,3.0964266390084664e-06,0.8847071069828144
P01,79,high,bright_light_classroom,0.01560521591336822,0.6384311102885669,0.1032451825288047,0.012272845753898965,2.0764372821589803e-05,2.6405446742962666e-05,0.23039848985662995
P01,80,high,bright_light_classroom,0.005252830218523741,0.06612000614404678,0.016656454652547836,0.0003032655513379723,1.6675101299767903e-09,4.271825673640706e-06,0.9116632342338562
P01,81,high,bright_light_classroom,0.003596467897295952,0.069549061357975,0.021417411044239998,0.0006165071972645819,2.4419433586331252e-08,6.986588232393842e-06,0.9048135876655579
P01,82,high,bright_light_classroom,0.009835051372647285,0.41681915521621704,0.39806580543518066,0.002232641912996769,9.365603546029888e-07,1.7769818441593088e-05,0.17302864789962769
P01,83,high,bright_light_classroom,0.009768370538949966,0.14890116453170776,0.15068787336349487,0.0002872985787689686,3.044557495002209e-09,4.3317536437825765e-06,0.6903509497642517
P01,84,high,bright_light_classroom,0.006375146944084581,0.857542685123842,0.08664488563805137,0.02420999626576878,1.214093917557747e-05,8.966307712049404e-06,0.025206202280891078
P01,85,high,bright_light_classroom,0.016065675817808607,0.5627709105933798,0.13762599380326196,0.013390939416401317,2.2479899095274356e-06,5.012945127470397e-05,0.27009415866066916
P01,86,high,bright_light_classroom,0.009354247711598873,0.25660017132759094,0.38529863953590393,0.0019301380962133408,6.625143669225508e-07,3.0145165510475636e-05,0.3467860221862793
P01,87,high,bright_light_classroom,0.00010776215640362352,0.047440409660339355,0.013090662658214569,0.00011647456994978711,2.224009643114755e-09,1.9683933771830198e-07,0.9392445087432861
P01,88,high,bright_light_classroom,0.0013411030375037238,0.3881465659316261,0.11390597240996031,0.012889631697789632,1.2431410486360468e-06,5.1896933475504615e-06,0.48371028705957975
P01,89,high,bright_light_classroom,0.0038278659433435267,0.188038863177435,0.025138235448213163,0.0026161697834080717,1.92827988349245e-08,1.186763683516356e-06,0.7803776526000914
P01,90,high,bright_light_classroom,0.001098382519558072,0.24900874495506287,0.01570134609937668,0.014526663348078728,1.8865105175791541e-06,4.889503543381579e-06,0.7196581363677979
P01,91,high,bright_light_classroom,7.633092355249283e-05,0.009526980313894786,0.0014571630736038774,0.0006623142606357349,1.4148056858438494e-08,3.0115587785358295e-06,0.9882742152540941
P01,92,high,bright_light_classroom,0.00043694485793821514,0.24224473536014557,0.04045291617512703,0.008550534956157207,1.444154986529611e-05,1.356396751361899e-05,0.7082868814468384
P01,93,high,bright_light_classroom,8.096882793904397e-07,0.0030737772553430355,0.0005452444636222401,5.962864443774637e-05,1.7959048514059135e-11,1.1238829914916967e-07,0.9963204262447611
P01,94,high,bright_light_classroom,2.3243672330863774e-05,0.002809101715683937,0.0008185768965631723,1.7869773728307337e-05,7.054966555614453e-14,9.68153472058475e-06,0.9963215589523315
P01,95,high,bright_light_classroom,0.0008008705917745829,0.014042613096535206,0.2456374317407608,0.10346610844135284,1.1688467971282535e-08,0.6124773025512695,0.023575661703944206
P01,96,high,bright_light_classroom,1.107671869249316e-05,0.10362209379673004,0.011054004542529583,0.04438769817352295,2.7434687854821505e-10,0.048952367156744,0.7919727563858032
P01,97,high,bright_light_classroom,1.8549993910710327e-05,0.15781477093696594,0.04964365437626839,0.06578890979290009,1.210686928487803e-08,0.007245653308928013,0.7194885015487671
P01,98,high,bright_light_classroom,0.000100337179901544,0.22710074484348297,0.027481652796268463,0.21336999535560608,9.295910152751219e-10,0.23105654120445251,0.30089071393013
P01,99,high,bright_light_classroom,0.00034396457207736805,0.05389771186695766,0.013442315031130019,0.45989143609353517,2.4722876332038756e-09,0.470957247671917,0.0014673659754092083
P01,100,high,bright_light_classroom,0.001091960999076724,0.07952019301177221,0.4558263394729101,0.3870542280110256,2.4136006633082007e-08,0.07554702911061222,0.000960256903391743
P01,101,high,bright_light_classroom,0.0014223007867366544,0.06668866823248078,0.06716657830277552,0.61987254738048,3.023432129455635e-09,0.24114340490957528,0.00370653764085696
P01,102,high,bright_light_classroom,0.00015763518816200273,0.015020520390303159,0.0075572947819408645,0.0001230908019960032,1.3463873874504346e-10,1.38855492969045e-05,0.9771275506691665
P01,103,high,bright_light_classroom,1.9882155632328207e-06,0.004853285672711472,0.000832168143949249,9.868058120185248e-05,3.1688192848874253e-10,1.2494883384410673e-06,0.9942126270659344
P01,104,high,bright_light_classroom,2.1045962057542056e-05,0.0067173028364777565,0.0004668596666306257,0.00013321400911081582,2.3682404995395423e-11,4.534579056780785e-05,0.9926162362098694
P01,105,high,bright_light_classroom,0.00030371081084012985,0.11516792327165604,0.011687631718814373,0.014912085607647896,4.477869879337959e-06,0.00021377000666689128,0.8577103614807129
P01,106,high,bright_light_classroom,0.00015157795860432088,0.028777258470654488,0.006289035081863403,0.0005484358407557011,2.4606707782481863e-09,4.68824764539022e-05,0.9641868472099304
P01,107,high,bright_light_classroom,0.0011623377906061882,0.4047055187645864,0.06139437102641887,0.016263394654595534,2.9986447739422002e-05,8.056582490095196e-05,0.5163638303496737
P01,108,high,bright_light_classroom,9.893732203636318e-05,0.06843192875385284,0.01143781840801239,0.0020378180779516697,3.106677226583088e-08,0.00011834529141196981,0.9178751707077026
P01,109,high,bright_light_classroom,0.011660560965538025,0.32155677676200867,0.04262549802660942,0.05227279290556908,0.00013258220860734582,0.00035886719706468284,0.5713928937911987
P01,110,high,bright_light_classroom,0.0007207649759948254,0.037099700421094894,0.005604551173746586,0.006990562193095684,1.8080661448038882e-06,3.235482290619984e-05,0.9495502710342407
P01,111,high,bright_light_classroom,0.002003796398639679,0.14325681328773499,0.01506123598664999,0.03218483179807663,7.768024079268798e-05,0.00014247430954128504,0.8072731494903564
P01,112,high,bright_light_classroom,0.008756724186241627,0.5055541396141052,0.2507109045982361,0.017714550718665123,4.955496024194872e-06,0.00041844171937555075,0.21684028208255768
P01,113,high,bright_light_classroom,0.00016556662740185857,0.01959170028567314,0.001534379436634481,0.0007643536664545536,8.022369990534628e-10,5.586176848737523e-05,0.9778881072998047
P01,114,high,bright_light_classroom,2.36534987377023e-05,0.002724104003342509,0.0004942775114741908,5.327166310742229e-05,3.756638996137384e-11,8.470384627589507e-07,0.9967038039322134
P01,115,high,bright_light_classroom,0.0044679478742182255,0.22179798781871796,0.017954671755433083,0.014528936706483364,1.3045549849266536e-06,0.0003352169005665928,0.7409139275550842
P01,116,high,bright_light_classroom,3.1404919862464186e-06,0.0019299691762011753,0.00018301565068587814,1.3658272923847629e-05,9.13618367403571e-12,1.2811484193310597e-06,0.9978689550083253
P01,117,high,bright_light_classroom,7.444391667377204e-05,0.011099105700850487,0.003951813094317913,0.00046206815750338137,5.654254309206408e-08,0.00035730539821088314,0.98405522108078
P01,118,high,bright_light_classroom,0.00014467999561179403,0.003165893212535573,0.9534271331684073,0.0011626909947136637,9.193053053855624e-07,3.57818956626964e-05,0.04206291836875191
P01,119,high,bright_light_classroom,0.010300307534635067,0.06468033045530319,0.6143735647201538,0.041660044342279434,0.0003006958868354559,5.0882765208370984e-05,0.26863420009613037
P01,120,high,bright_light_classroom,0.0594603568315506,0.05936022847890854,0.23176106810569763,0.017182732000947,0.00012831357889808714,0.00020358551410026848,0.6319037079811096
P01,121,high,bright_light_classroom,0.02917090617120266,0.06447803229093552,0.6939529776573181,0.057078562676906586,0.0029070982709527016,0.0002421587414573878,0.15217024087905884
P01,122,high,bright_light_classroom,0.00937070045620203,0.027530131861567497,0.3609911799430847,0.01116890273988247,6.152565765660256e-05,0.00028139795176684856,0.5905961990356445
P01,123,high,bright_light_classroom,0.002291635610163212,0.0015568570233881474,0.0013479521730914712,0.0012428427580744028,3.16658343990639e-08,0.00012629768752958626,0.9934344291687012
P01,124,high,bright_light_classroom,0.0018281611846759915,0.016482658684253693,0.7116152048110962,0.0229195449501276,4.771689054905437e-05,0.0004861263441853225,0.24662061035633087
P01,125,high,bright_light_classroom,0.000556653781097088,0.13641911881197916,0.3886966870661601,0.016966760318489114,4.871887211782451e-05,7.0416626139965974e-06,0.4573050388461397
P01,126,high,bright_light_classroom,0.007958434522151947,0.23937936127185822,0.39383968710899353,0.30228063464164734,0.022480348125100136,0.00035897421184927225,0.03370263800024986
P01,127,high,bright_light_classroom,0.00214432903982151,0.37952418679287275,0.302197820210197,0.10967945124858038,0.000633903854656679,0.000703883383047835,0.20511649013954283
P01,128,high,bright_light_classroom,0.0009390357881784439,0.49705249071121216,0.3228912651538849,0.08988836407661438,0.0004783485783264041,0.00011277577141299844,0.08863775432109833
P01,129,high,bright_light_classroom,0.00048447767039760947,0.31934091448783875,0.6102063655853271,0.04767148941755295,3.617642869357951e-05,6.550898251589388e-05,0.02219504490494728
P01,130,high,bright_light_classroom,0.003299312505580484,0.6718745622784421,0.2839322347721774,0.017654036861176864,5.1931413684765854e-05,4.6748458655734825e-05,0.023141129909023058
P01,131,high,bright_light_classroom,0.005024258346811434,0.6315983314274747,0.05112216553820166,0.016556431594874358,1.1061597631051302e-08,3.7375308647304546e-05,0.29566146705516977
P01,132,high,bright_light_classroom,0.006265631876885891,0.5351039171218872,0.03323421627283096,0.04334704577922821,8.805752145235601e-07,0.00015170278493314981,0.38189661502838135
P01,133,high,bright_light_classroom,0.022141448067599306,0.5513489903627622,0.09596205901647319,0.037886877404079124,5.258412046924226e-06,0.0005989712212870981,0.29205641651826103
P01,134,high,bright_light_classroom,0.00876906782161381,0.132807268761722,0.8355387049271221,0.015260214960847502,1.1729889104153678e-05,3.338505450679271e-05,0.007579550640487594
P01,135,high,bright_light_classroom,0.0016243432182818651,0.04277142882347107,0.9474850296974182,0.007268191780894995,5.111104783850351e-08,1.1343246342221391e-07,0.0008508210303261876
P01,136,high,bright_light_classroom,0.010724121704697609,0.08460470288991928,0.8937974572181702,0.007280811667442322,3.6443145745579386e-07,8.402104185734061e-07,0.0035917728673666716
P01,137,high,bright_light_classroom,0.0307875387094938,0.3519082577173864,0.5593781208621336,0.009107935785230148,1.3156836632557721e-05,2.2314504769750222e-05,0.048782668190161485
P01,138,high,bright_light_classroom,0.00306117651052773,0.6932128667831421,0.19083742797374725,0.083126500248909,4.404368610266829e-06,0.00011323086800985038,0.029644403606653214
P01,139,high,bright_light_classroom,0.005205943094230522,0.28867619768664865,0.6932158239822597,0.006522520599064755,2.870729098256375e-05,7.249833219930097e-07,0.006349998700618899
P01,140,high,bright_light_classroom,0.00405307903998148,0.06426191308952414,0.9260164587478091,0.0014290206060608498,1.677734671917243e-06,5.153589722348159e-07,0.004237322097292888
P01,141,high,bright_light_classroom,0.010832640056767467,0.10962779728339894,0.8327285547690723,0.008731136618920363,8.65880771695049e-05,3.6149160559099425e-05,0.037957149026223956
P01,142,high,bright_light_classroom,0.007886194624006748,0.5295858979225159,0.21598199009895325,0.1094682365655899,0.009370367974042892,6.499223673017696e-05,0.12764231860637665
P01,143,high,bright_light_classroom,0.015994422137737274,0.31726884841918945,0.13455896079540253,0.03666597232222557,0.0029087078291922808,2.2886535589350387e-05,0.49258023500442505
P01,144,high,bright_light_classroom,0.0018528200453147292,0.10884073376655579,0.07054360955953598,0.013367501087486744,0.0008285727235488594,3.081618342548609e-05,0.804535984992981
P01,145,high,bright_light_classroom,0.002048333996062517,0.06341424962367115,0.019408946151074538,0.004525009812415231,9.924010237573325e-05,1.8499579903062538e-05,0.9104857391408526
P01,146,high,bright_light_classroom,0.00735150882974267,0.30096080899238586,0.11717304587364197,0.044901035726070404,0.005767129361629486,2.601022060844116e-05,0.5238204598426819
P01,147,high,bright_light_classroom,0.01659501902759075,0.36231425404548645,0.12477297335863113,0.02614438906311989,0.000734811183065176,1.5978641386027448e-05,0.4694226384162903
P01,148,high,bright_light_classroom,0.0049591693095862865,0.37810754776000977,0.5669426321983337,0.00512870866805315,0.0006626843824051321,2.4831342670950107e-05,0.0441744402050972
P01,149,high,bright_light_classroom,0.0017487682391352343,0.33552892035590653,0.5536224309948005,0.01934501014292361,0.0037921944031500104,0.004762248238146095,0.08120057209736968
P01,150,high,bright_light_classroom,0.0007228876778528201,0.025417046273770706,0.027819888461821582,0.0001618473712431563,1.7735913795601933e-10,0.0008076139392212892,0.9450707402867521
P01,151,high,bright_light_classroom,0.004426466301083565,0.17963489890098572,0.7737997174263,0.00655766436830163,1.653271283430513e-06,4.273292688594665e-06,0.0355752557516098
P01,152,high,bright_light_classroom,0.0027764050755649805,0.5240945816040039,0.42194804549217224,0.044781170785427094,0.00011030134919565171,1.3051891073700972e-05,0.006276432424783707
P01,153,high,bright_light_classroom,0.0031034585075651712,0.2992642104187137,0.6773820327152034,0.01583799255418733,8.514297003778636e-05,1.186639817904167e-05,0.004315349996259809
P01,154,high,bright_light_classroom,0.011308182030916214,0.5039939880371094,0.20915770530700684,0.014485401101410389,1.3956095017420012e-06,1.2946178685524501e-05,0.26104041934013367
P01,155,high,bright_light_classroom,0.006931229389456438,0.6186418674757322,0.2969667371471807,0.04140821965434785,1.0972308189741288e-05,4.5530776303903545e-05,0.03599546533768956
P01,156,high,bright_light_classroom,0.008962181396782398,0.2040638029575348,0.06210414692759514,0.001007646438665688,4.69699035221538e-09,4.260552941559581e-06,0.7238579392433167
P01,157,high,bright_light_classroom,0.007164389787726985,0.4256811097670263,0.4393474125473149,0.003907247679367523,7.187838806259791e-07,1.3817600943685007e-05,0.12388535582335924
P01,158,high,bright_light_classroom,0.0054496520653159655,0.24724303169506978,0.7325036366286061,0.010258461960164424,4.400748265113578e-05,5.777597724446099e-06,0.004495476640491286
P01,159,high,bright_light_classroom,0.0065294726918323455,0.21831422855342797,0.7627810694444817,0.008392632507838756,5.421026394535498e-05,8.34667530126145e-06,0.003920103656953791
P01,160,high,bright_light_classroom,0.007543494908868963,0.14297098773544956,0.8271601693129641,0.00805633004345477,1.2279099614464097e-05,7.645519418526201e-06,0.014249108649737158
P01,161,high,bright_light_classroom,0.009742688037019255,0.23198966574607285,0.7381890856140306,0.008728871642283895,5.615315574691814e-05,1.7370602234586647e-05,0.011276259759143576
P01,162,high,bright_light_classroom,0.028279636409326025,0.43581331541379503,0.27440619177744485,0.004159273549553925,8.340704909430428e-07,7.003555840155904e-06,0.2573336950142747
P01,163,high,bright_light_classroom,0.009215681813657284,0.27623534202575684,0.5521620512008667,0.006359789986163378,3.5782331906375475e-06,1.4761965758225415e-05,0.1560087651014328
P01,164,high,bright_light_classroom,0.02527108566588674,0.4210592461263684,0.36260666624347365,0.01144875374875985,8.517184649628883e-06,3.753924689606e-05,0.17956818220425738
P01,165,high,bright_light_classroom,0.017311104673809093,0.2511132509179861,0.7041294994431436,0.00777476746364042,5.620819018409743e-06,1.6505228888205856e-05,0.019649286994295537
P01,166,high,bright_light_classroom,0.03495408222079277,0.4064082205295563,0.4720986783504486,0.007567516062408686,2.516124823159771e-06,2.50788052653661e-05,0.07894394546747208
P01,167,high,bright_light_classroom,0.026332145556807518,0.4233638346195221,0.28178340196609497,0.006935396231710911,1.7548861706018215e-06,3.106039002886973e-05,0.2615523934364319
P01,168,high,bright_light_classroom,0.01964768325672646,0.37277426557387505,0.5540545316967089,0.009135598861312799,1.4359454272436048e-05,2.347690637050849e-05,0.04435009028614106
P01,169,high,bright_light_classroom,0.02248271554708481,0.40767455101013184,0.4889755845069885,0.00785218458622694,1.2296167369640898e-05,2.946624044852797e-05,0.07297322899103165
P01,170,high,bright_light_classroom,0.034109365195035934,0.209181010723114,0.1673995554447174,0.002900069346651435,5.977632895337592e-07,1.6599649825366214e-05,0.5863927602767944
P01,171,high,bright_light_classroom,0.034071821719408035,0.3677805960178375,0.20431001484394073,0.015768690034747124,0.0001675758248893544,3.6342102248454466e-05,0.3778649568557739
P01,172,high,bright_light_classroom,0.009757974185049534,0.4160533845424652,0.5515075325965881,0.01021102350205183,0.0004932501469738781,4.954257747158408e-05,0.011927320621907711
P01,173,high,bright_light_classroom,0.001950129750006184,0.14131365068636242,0.04591284593420302,0.0020127570059303647,9.650117938172233e-07,2.5166423846991852e-05,0.8087844734659477
P01,174,high,bright_light_classroom,0.0011959679220653083,0.15207265640171247,0.058659515817107655,0.0012036181558511443,1.1631512074532612e-06,3.151855628966606e-06,0.7868639572696635
P01,175,high,bright_light_classroom,0.005087311379611492,0.3966867923736572,0.19556023180484772,0.006324495654553175,3.311342152301222e-05,1.638425419514533e-05,0.39629167318344116
P01,176,high,bright_light_classroom,0.003340121092058485,0.5800550329718014,0.372165314684231,0.008255707592112279,0.00011531524756474034,3.6864063455071355e-05,0.03603166184018027
P01,177,high,bright_light_classroom,0.007833676410177182,0.3976863148586375,0.10572950026637314,0.0022135243906349668,4.799220501769533e-07,2.4562707749752704e-05,0.4865119175300696
P01,178,high,bright_light_classroom,0.0018281070366480395,0.39653130132333053,0.15277086529384437,0.0032046590095351946,1.124783827824709e-06,1.0713031228241043e-05,0.44565325327554384
P01,179,high,bright_light_classroom,0.002473415108397603,0.4727364480495453,0.3370067775249481,0.020631616935133934,0.0008153610397130251,0.00010717284749262035,0.1662292331457138
P01,180,high,bright_light_classroom,0.0029139264952391386,0.49779126048088074,0.3097752630710602,0.011249755509197712,0.0002090729831252247,2.6000574507634155e-05,0.17803481221199036
P01,181,high,bright_light_classroom,0.004128552288028734,0.5493372410140777,0.38970192609440835,0.00615254919395144,2.8028381927350016e-05,2.3929265415270803e-05,0.050627812035549405
P01,182,high,bright_light_classroom,0.006427619606256485,0.09994860738515854,0.10166160762310028,0.0042375223711133,4.136800725973444e-06,8.278360473923385e-05,0.7876377105712891
P01,183,high,bright_light_classroom,0.012214082411308865,0.23027818924860696,0.28577647466098655,0.001969039211118629,1.3551507256530675e-06,8.61271679038694e-06,0.4697523342972599
P01,184,high,bright_light_classroom,0.012431422989453256,0.2904788428830411,0.0987573101375884,0.005743968177227269,2.6386078142639252e-05,8.450247472679092e-05,0.5924775953577516
P01,185,high,bright_light_classroom,0.009467963129281998,0.5321896076202393,0.34157609939575195,0.050544705241918564,0.018643155694007874,0.00045417272485792637,0.04712430387735367
P01,186,high,bright_light_classroom,0.014726848234456566,0.19317866184457086,0.10955738837210995,0.01659226801601267,0.0009500409328427532,0.00018982090921800248,0.6648050147062556
P01,187,high,bright_light_classroom,0.009972939267754555,0.24921353161334991,0.14069943130016327,0.005516134202480316,4.723689562524669e-05,2.454636342008598e-05,0.5945262312889099
P01,188,high,bright_light_classroom,0.0021709639113396406,0.14174173772335052,0.043621521443128586,0.0030132171232253313,2.807018972816877e-06,3.380395719432272e-05,0.8094159364700317
P01,189,high,bright_light_classroom,0.005534160416573286,0.19876906275749207,0.09929037094116211,0.005920266266912222,1.1041510333598126e-05,7.32401676941663e-05,0.6904019117355347
P01,190,high,bright_light_classroom,0.018217339802701498,0.4286796833658596,0.2499624192759491,0.07788736189754464,0.08400492113769994,0.0016624203763997106,0.13958579127957926
P01,191,high,bright_light_classroom,0.010824418267677036,0.4365300313794575,0.2528215941403396,0.043152248930662995,0.00575789507756888,0.0006433772320372185,0.25027045604342746
P01,192,high,bright_light_classroom,0.008683035253946215,0.24531631115869415,0.16507769108744752,0.008310269623728946,3.150681016419241e-05,7.058903543315505e-05,0.5725106087339651
P01,193,high,bright_light_classroom,0.00676113593644714,0.2803507912368054,0.17278936045106413,0.00605930237825527,5.833870802533563e-05,0.00011140218639489256,0.5338696559589896
P01,194,high,bright_light_classroom,0.01150890880876236,0.3174063752535805,0.2023282916741545,0.006697833937277432,4.825878855871267e-05,9.751826873158031e-05,0.46191283833461033
P01,195,high,bright_light_classroom,0.018225833463569468,0.5255528657969396,0.2680642881316795,0.010538657802205347,0.00012152529240796583,4.8558432932030955e-05,0.17744820684811988
P01,196,high,bright_light_classroom,0.015156201031053189,0.5298943555229134,0.1990068196066403,0.0064524866881950724,4.034045676917626e-05,4.621406156490546e-05,0.24940362565560648
P01,197,high,bright_light_classroom,0.018155120313167572,0.4560314416885376,0.14659790694713593,0.005236879922449589,8.793996130407322e-06,1.1546466339495964e-05,0.3739582598209381
P01,198,high,bright_light_classroom,0.021160248065605645,0.28412942791756557,0.628471411971534,0.03231550573203002,0.013742231651677587,0.00037226964959433074,0.019808923143680282
P01,199,high,bright_light_classroom,0.01713092438876629,0.2043674737215042,0.26081162691116333,0.004865329712629318,6.648366979788989e-05,6.446675979532301e-05,0.5126937031745911
P01,200,high,bright_light_classroom,0.010787481153755257,0.2582072471503763,0.7193547319981296,0.0032968618543810758,4.003084325037102e-06,1.795136011101962e-05,0.008331802238929405
P01,201,high,bright_light_classroom,0.014459299785453067,0.5834626903213674,0.34572612319744367,0.010665802920806582,1.5029168921456963e-05,7.130867440836054e-05,0.04559974271653549
P01,202,high,bright_light_classroom,0.022189266979694366,0.5184646844863892,0.39271634817123413,0.008854026906192303,7.087936683092266e-05,0.00015134463319554925,0.05755344033241272
P01,203,high,bright_light_classroom,0.011458926399478148,0.5216767762092619,0.42749352127390844,0.013177626126691565,0.0005422501061968379,0.0001169310277633634,0.025533920835385224
P01,204,high,bright_light_classroom,0.0023912820033729076,0.26491138339042664,0.0554148368537426,0.004589704796671867,6.511348601634381e-06,2.016992038988974e-05,0.6726661324501038
P01,205,high,bright_light_classroom,0.0051894735877843386,0.14714486633004353,0.16442346102911698,0.0019337103026780126,3.564201024649304e-07,4.358898721575703e-05,0.6812644980830552
P01,206,high,bright_light_classroom,0.005055672790448235,0.07777723388536179,0.019737228064967874,0.001842097139818796,8.776007644104935e-07,2.0314591284965952e-05,0.8955665764550313
P01,207,high,bright_light_classroom,0.014157733879983425,0.3069779872894287,0.2812342643737793,0.0034892400726675987,1.6718995539122261e-06,8.045980939641595e-05,0.39405861496925354
P01,208,high,bright_light_classroom,0.00604801531881094,0.11462896317243576,0.057485755532979965,0.0012067053467035294,6.991037082570983e-08,3.7224828702164814e-05,0.8205932378768921
P01,209,high,bright_light_classroom,0.012273375676475507,0.08862293294804889,0.8638849773338424,0.011122236691250604,0.003456627457611409,0.0005812210493703812,0.020058653581658217
P01,210,high,bright_light_classroom,0.01482166251967326,0.2148423173929642,0.1576805208731008,0.004794192320507307,8.040300351175685e-05,0.0001860795566198338,0.607594824289967
P01,211,high,bright_light_classroom,0.0225150678306818,0.24782082438468933,0.6674772500991821,0.01073209848254919,0.00016206575674004853,0.000483074807561934,0.05080955848097801
P01,212,high,bright_light_classroom,0.020531408488750458,0.14357905089855194,0.7996871471405029,0.012476048432290554,0.0035855951718986034,0.00013701774878427386,0.020003756508231163
P01,213,high,bright_light_classroom,0.04359651356935501,0.37246543169021606,0.3850298821926117,0.030210895463824272,0.0032888578716665506,0.0003124411450698972,0.1650959998369217
